"Class","Name","Description","Mapped US Core Profiles","Mapped US Quality Core Profiles","Mapped US Quality Core Elements"
"Adverse Events","Adverse Event Condition","Change to patient condition that could be an unintended effect of clinical interventions. Examples include but are not limited to rash, fracture, fever, etc.","","http://hl7.org/fhir/us/quality-core/StructureDefinition/us-quality-core-adverseevent","USQualityCoreAdverseEvent.resultingCondition"
"Adverse Events","Adverse Event Outcome","Resulting patient status or consequence following an unexpected condition change or clinical event. Examples include but are not limited to hospitalized, recovered, recovered with sequelae, and death.","","http://hl7.org/fhir/us/quality-core/StructureDefinition/us-quality-core-adverseevent","USQualityCoreAdverseEvent.outcome; USQualityCoreAdverseEvent.event; USQualityCoreAdverseEvent.date; USQualityCoreAdverseEvent.recordedDate; USQualityCoreAdverseEvent.detected; USQualityCoreAdverseEvent.actuality"
"Allergies and Intolerances","Drug Class Allergy Intolerance","Pharmacologic category for an agent believed to cause a harmful or undesired physiologic response following exposure.","","http://hl7.org/fhir/us/quality-core/StructureDefinition/us-quality-core-allergyintolerance","USQualityCoreAllergyIntolerance.code"
"Allergies and Intolerances","Medication Allergy Intolerance","Pharmacologic agent believed to cause a harmful or undesired physiologic response following exposure.","","http://hl7.org/fhir/us/quality-core/StructureDefinition/us-quality-core-allergyintolerance","USQualityCoreAllergyIntolerance.code"
"Allergies and Intolerances","Non-Medication Allergy Intolerance","Non-pharmacologic agent believed to cause a harmful or undesired physiologic response following exposure. Examples include but are not limited to latex, eggs, pollen, and peanuts.","","http://hl7.org/fhir/us/quality-core/StructureDefinition/us-quality-core-allergyintolerance","USQualityCoreAllergyIntolerance.code"
"Allergies and Intolerances","Reaction","Harmful or undesired physiologic response following exposure to a substance","","http://hl7.org/fhir/us/quality-core/StructureDefinition/us-quality-core-allergyintolerance","USQualityCoreAllergyIntolerance.reaction"
"Allergies and Intolerances","Reaction Date and Time","Last date and time a patient had a reaction to an allergen.","","http://hl7.org/fhir/us/quality-core/StructureDefinition/us-quality-core-allergyintolerance","USQualityCoreAllergyIntolerance.lastOccurrence"
"Allergies and Intolerances","Allergy Intolerance Onset Date and Time","Date and time when an allergy or intolerance developed.","","http://hl7.org/fhir/us/quality-core/StructureDefinition/us-quality-core-allergyintolerance","USQualityCoreAllergyIntolerance.onset[x]"
"Allergies and Intolerances","Allergy Intolerance Recorded Date and Time","Date and time of documentation for the allergy.","","http://hl7.org/fhir/us/quality-core/StructureDefinition/us-quality-core-allergyintolerance","USQualityCoreAllergyIntolerance.recordedDate"
"Care Plans","Assessment and Plan of Treatment","Health professional's conclusions and working assumptions that will guide treatment of the patient.","","http://hl7.org/fhir/us/quality-core/StructureDefinition/us-quality-core-careplan","USQualityCoreCarePlan.text"
"Care Plans","Care Plan","Shared plan informed by members of a coordinated care team that details conditions, needs, and goals along with strategies for addressing them. Usage notes: Includes problems, health concerns, assessments, goals, and interventions from across care settings. Examples include but are not limited to clinical care plans, condition-specific care plans, coordinated care plan.","","http://hl7.org/fhir/us/quality-core/StructureDefinition/us-quality-core-careplan","USQualityCoreCarePlan.status; USQualityCoreCarePlan.intent; USQualityCoreCarePlan.subject; USQualityCoreCarePlan.category; USQualityCoreCarePlan.contributor; USQualityCoreCarePlan.addresses"
"Care Team Members","Care Team Member Identifier","Sequence of characters used to uniquely refer to a member of the care team. Examples include but are not limited to National Provider Identifier (NPI) and National Council of State Boards of Nursing Identifier (NCSBN ID).","","http://hl7.org/fhir/us/quality-core/StructureDefinition/us-quality-core-careteam; http://hl7.org/fhir/us/quality-core/StructureDefinition/us-quality-core-practitioner; http://hl7.org/fhir/us/quality-core/StructureDefinition/us-quality-core-practitionerrole","USQualityCoreCareTeam.participant; USQualityCoreCareTeam.participant.member; USQualityCorePractitioner.identifier; USQualityCorePractitioner.identifier.system; USQualityCorePractitioner.identifier.value; USQualityCorePractitioner.identifier:ein; USQualityCorePractitioner.identifier:ein.value; USQualityCorePractitioner.identifier:NPI; USQualityCorePractitioner.identifier:NPI.system; USQualityCorePractitioner.identifier:NPI.value; USQualityCorePractitionerRole.identifier; USQualityCorePractitionerRole.identifier.system; USQualityCorePractitionerRole.identifier.value"
"Care Team Members","Care Team Member Location","Place where care is delivered by a care team member. Examples include but are not limited to clinic address, and location description.","","http://hl7.org/fhir/us/quality-core/StructureDefinition/us-quality-core-practitioner; http://hl7.org/fhir/us/quality-core/StructureDefinition/us-quality-core-practitionerrole; http://hl7.org/fhir/us/quality-core/StructureDefinition/us-quality-core-relatedperson","USQualityCorePractitioner.address; USQualityCorePractitioner.address.city; USQualityCorePractitioner.address.country; USQualityCorePractitioner.address.line; USQualityCorePractitioner.address.postalCode; USQualityCorePractitioner.address.state; USQualityCorePractitionerRole.location; USQualityCoreRelatedPerson.address"
"Care Team Members","Care Team Member Name","Word or phrase that constitutes the distinctive designation of a care team member. Examples include but are not limited to given name, middle name, surname, and name suffix.","","http://hl7.org/fhir/us/quality-core/StructureDefinition/us-quality-core-practitioner; http://hl7.org/fhir/us/quality-core/StructureDefinition/us-quality-core-practitionerrole; http://hl7.org/fhir/us/quality-core/StructureDefinition/us-quality-core-relatedperson","USQualityCorePractitioner.name; USQualityCorePractitioner.name.family; USQualityCorePractitionerRole.practitioner; USQualityCoreRelatedPerson.name"
"Care Team Members","Care Team Member Role","Responsibility of an individual within the care team. Examples include but are not limited to primary care physician and caregiver.","","http://hl7.org/fhir/us/quality-core/StructureDefinition/us-quality-core-careteam; http://hl7.org/fhir/us/quality-core/StructureDefinition/us-quality-core-practitionerrole; http://hl7.org/fhir/us/quality-core/StructureDefinition/us-quality-core-relatedperson","USQualityCoreCareTeam.participant.role; USQualityCorePractitionerRole.code; USQualityCorePractitionerRole.specialty; USQualityCoreRelatedPerson.relationship"
"Care Team Members","Care Team Member Telecom","Phone or email contact information for a care team member.","","http://hl7.org/fhir/us/quality-core/StructureDefinition/us-quality-core-practitioner; http://hl7.org/fhir/us/quality-core/StructureDefinition/us-quality-core-practitionerrole; http://hl7.org/fhir/us/quality-core/StructureDefinition/us-quality-core-relatedperson","USQualityCorePractitioner.telecom; USQualityCorePractitioner.telecom.system; USQualityCorePractitioner.telecom.value; USQualityCorePractitionerRole.telecom; USQualityCorePractitionerRole.telecom.system; USQualityCorePractitionerRole.telecom.value; USQualityCoreRelatedPerson.telecom"
"Clinical Notes","Consultation Note","Narrative summary of care provided in response to a request from a clinician for an opinion, advice, or service. Examples include but are not limited to dermatology, dentistry, and acupuncture.","http://hl7.org/fhir/us/core/StructureDefinition/us-core-documentreference|9.0.0","",""
"Clinical Notes","Discharge Summary Note","Narrative summary of a patient's admission and course in a hospital or post-acute care setting. Usage note: Must contain admission and discharge dates and locations, discharge instructions, and reason(s) for hospitalization. Examples include but are not limited to dermatology discharge summary, hematology discharge summary, and neurology discharge summary.","http://hl7.org/fhir/us/core/StructureDefinition/us-core-documentreference|9.0.0","",""
"Clinical Notes","Emergency Department Note","Narrative summary of care delivered in an emergency department.","http://hl7.org/fhir/us/core/StructureDefinition/us-core-documentreference|9.0.0","",""
"Clinical Notes","History & Physical","Narrative summary of current and past conditions and observations used to inform an episode of care. Examples include but are not limited to admission, surgery, and other procedure.","http://hl7.org/fhir/us/core/StructureDefinition/us-core-documentreference|9.0.0","",""
"Clinical Notes","Operative Note","Narrative summary of a surgical procedure. Usage note: May include procedures performed, operative and anesthesia times, findings observed, fluids administered, specimens obtained, and complications identified.","http://hl7.org/fhir/us/core/StructureDefinition/us-core-documentreference|9.0.0","",""
"Clinical Notes","Procedure Note","Narrative summary of non-operative procedure. Examples include but are not limited to interventional cardiology, gastrointestinal endoscopy, and osteopathic manipulation.","http://hl7.org/fhir/us/core/StructureDefinition/us-core-documentreference|9.0.0","http://hl7.org/fhir/us/quality-core/StructureDefinition/us-quality-core-diagnosticreport-note","USQualityCoreDiagnosticReportNote.presentedForm"
"Clinical Notes","Progress Note","Narrative summary of a patient's interval status during an encounter. Examples include but are not limited to hospitalization, outpatient visit, and treatment with a post-acute care provider, or other healthcare encounter.","http://hl7.org/fhir/us/core/StructureDefinition/us-core-documentreference|9.0.0","",""
"Clinical Tests","Clinical Test","Non-imaging or non-laboratory test. Examples include but are not limited to electrocardiogram (ECG), visual acuity exam, macular exam, and graded exercise testing (GXT).","","http://hl7.org/fhir/us/quality-core/StructureDefinition/us-quality-core-observation-clinical-result; http://hl7.org/fhir/us/quality-core/StructureDefinition/us-quality-core-diagnosticreport-note","USQualityCoreObservationClinicalResult.code; USQualityCoreDiagnosticReportNote.code"
"Clinical Tests","Clinical Test Result/Report","Findings of clinical tests.","","http://hl7.org/fhir/us/quality-core/StructureDefinition/us-quality-core-observation-clinical-result; http://hl7.org/fhir/us/quality-core/StructureDefinition/us-quality-core-diagnosticreport-note","USQualityCoreObservationClinicalResult.value[x]; USQualityCoreDiagnosticReportNote.result"
"Clinical Tests","Clinical Test Status","The completion status of a clinical test at the level of a single observation.","","http://hl7.org/fhir/us/quality-core/StructureDefinition/us-quality-core-observation-clinical-result; http://hl7.org/fhir/us/quality-core/StructureDefinition/us-quality-core-diagnosticreport-note","USQualityCoreObservationClinicalResult.status; USQualityCoreDiagnosticReportNote.status"
"Communications","Communication Status","The current state of the communication transition.","","http://hl7.org/fhir/us/quality-core/StructureDefinition/us-quality-core-communication; http://hl7.org/fhir/us/quality-core/StructureDefinition/us-quality-core-communicationdone","USQualityCoreCommunication.status; USQualityCoreCommunication.sent; USQualityCoreCommunicationDone.status; USQualityCoreCommunicationDone.sent"
"Communications","Communication Topic","Purpose or content of communication.","","http://hl7.org/fhir/us/quality-core/StructureDefinition/us-quality-core-communication; http://hl7.org/fhir/us/quality-core/StructureDefinition/us-quality-core-communicationdone","USQualityCoreCommunication.category; USQualityCoreCommunication.topic; USQualityCoreCommunication.topic.extension:codeOptions; USQualityCoreCommunication.subject; USQualityCoreCommunicationDone.category; USQualityCoreCommunicationDone.topic; USQualityCoreCommunicationDone.topic.extension:codeOptions; USQualityCoreCommunicationDone.subject"
"Communications","Reason Not Communicated","The reason why a communication did not happen.","","http://hl7.org/fhir/us/quality-core/StructureDefinition/us-quality-core-communicationnotdone","USQualityCoreCommunicationNotDone.statusReason; USQualityCoreCommunicationNotDone.status; USQualityCoreCommunicationNotDone.extension:event-recorded; USQualityCoreCommunicationNotDone.topic.extension:codeOptions; USQualityCoreCommunicationNotDone.subject"
"Diagnostic Imaging","Diagnostic Imaging Reference","The technical details of the retrieval access path to indicate network services that can be used to access DICOM studies, series, or instances content and metadata (e.g., a DICOMweb server endpoint providing QIDO-RS, WADO-RS, or WADO-URI).","","http://hl7.org/fhir/us/quality-core/StructureDefinition/us-quality-core-diagnosticreport-note","USQualityCoreDiagnosticReportNote.imagingStudy"
"Diagnostic Imaging","Diagnostic Imaging Report","Interpreted results of imaging tests. Usage Note: Includes both structured and unstructured (narrative) components.","","http://hl7.org/fhir/us/quality-core/StructureDefinition/us-quality-core-diagnosticreport-note; http://hl7.org/fhir/us/quality-core/StructureDefinition/us-quality-core-observation-clinical-result","USQualityCoreDiagnosticReportNote.result; USQualityCoreDiagnosticReportNote.presentedForm; USQualityCoreObservationClinicalResult.value[x]"
"Diagnostic Imaging","Diagnostic Imaging Status","The current status of the imaging study- registered, available, cancelled, entered-in-error, or unknown.","","http://hl7.org/fhir/us/quality-core/StructureDefinition/us-quality-core-diagnosticreport-note; http://hl7.org/fhir/us/quality-core/StructureDefinition/us-quality-core-imagingstudy","USQualityCoreDiagnosticReportNote.status; USQualityCoreImagingStudy.status"
"Diagnostic Imaging","Diagnostic Imaging Test","Tests that generate visual images and require interpretation by qualified professionals. Examples include but are not limited to computed tomography-head, radiograph-chest, and ultrasound-pelvis.","","http://hl7.org/fhir/us/quality-core/StructureDefinition/us-quality-core-diagnosticreport-note; http://hl7.org/fhir/us/quality-core/StructureDefinition/us-quality-core-observation-clinical-result","USQualityCoreDiagnosticReportNote.code; USQualityCoreObservationClinicalResult.code"
"Encounter Information","Diagnosis Rank","Ordinal number or code that identifies the priority or significance of a diagnosis for a given encounter.","","http://hl7.org/fhir/us/quality-core/StructureDefinition/us-quality-core-encounter","USQualityCoreEncounter.diagnosis.rank"
"Encounter Information","Encounter Diagnosis","Coded diagnoses associated with an episode of care.","","http://hl7.org/fhir/us/quality-core/StructureDefinition/us-quality-core-condition-encounter-diagnosis; http://hl7.org/fhir/us/quality-core/StructureDefinition/us-quality-core-encounter","USQualityCoreConditionEncounterDiagnosis.code; USQualityCoreConditionEncounterDiagnosis.encounter; USQualityCoreEncounter.diagnosis; USQualityCoreEncounter.priority"
"Encounter Information","Encounter Diagnosis Role","The specific use or role of diagnosis within the context of an encounter e.g., admitting diagnosis, principal diagnosis, discharge diagnosis, etc.","","http://hl7.org/fhir/us/quality-core/StructureDefinition/us-quality-core-encounter","USQualityCoreEncounter.diagnosis.use"
"Encounter Information","Encounter Disposition","Place or setting where the patient went after a hospital stay or encounter.","","http://hl7.org/fhir/us/quality-core/StructureDefinition/us-quality-core-encounter","USQualityCoreEncounter.hospitalization; USQualityCoreEncounter.hospitalization.dischargeDisposition"
"Encounter Information","Encounter Identifier","Sequence of characters by which an encounter is known.","","http://hl7.org/fhir/us/quality-core/StructureDefinition/us-quality-core-encounter","USQualityCoreEncounter.identifier; USQualityCoreEncounter.identifier.system; USQualityCoreEncounter.identifier.value"
"Encounter Information","Encounter Location","Place where a patient's care is delivered.","","http://hl7.org/fhir/us/quality-core/StructureDefinition/us-quality-core-encounter","USQualityCoreEncounter.location; USQualityCoreEncounter.location.location"
"Encounter Information","Encounter Status","Current state of the encounter: Planned; Arrived; Triaged; In progress; On leave; Finished; Canceled; Entered in error; Unknown.","","http://hl7.org/fhir/us/quality-core/StructureDefinition/us-quality-core-encounter","USQualityCoreEncounter.status"
"Encounter Information","Encounter Time","Date/times related to an encounter. Examples include but are not limited to scheduled appointment time, check in time, and start and stop times.","","http://hl7.org/fhir/us/quality-core/StructureDefinition/us-quality-core-encounter","USQualityCoreEncounter.period"
"Encounter Information","Encounter Type","Category of health care service. Examples include but are not limited to office visit, telephone assessment, and home visit.","","http://hl7.org/fhir/us/quality-core/StructureDefinition/us-quality-core-encounter","USQualityCoreEncounter.type"
"Encounter Information","Present on Admission","An indicator of whether a patient's condition or diagnosis was known to be present at the time of admission.","","http://hl7.org/fhir/us/quality-core/StructureDefinition/us-quality-core-encounter","USQualityCoreEncounter.diagnosis.extension:diagnosisPresentOnAdmission"
"Facility Information","Facility Address","Physical location of available services or resources.","","http://hl7.org/fhir/us/quality-core/StructureDefinition/us-quality-core-location","USQualityCoreLocation.address"
"Facility Information","Facility Identifier","Sequence of characters representing a physical place of available services or resources.","","http://hl7.org/fhir/us/quality-core/StructureDefinition/us-quality-core-location","USQualityCoreLocation.identifier"
"Facility Information","Facility Name","Word or words by which a facility is known.","","http://hl7.org/fhir/us/quality-core/StructureDefinition/us-quality-core-location","USQualityCoreLocation.name"
"Facility Information","Facility Type","Category of service or resource available in a location. Examples include but are not limited to hospital, laboratory, pharmacy, ambulatory clinic, long-term and post-acute care facility, and food pantry.","","http://hl7.org/fhir/us/quality-core/StructureDefinition/us-quality-core-location","USQualityCoreLocation.type"
"Family Health History","Family Health History","Family member health condition(s) that are relevant to a patient's care.","http://hl7.org/fhir/us/core/StructureDefinition/us-core-familymemberhistory|9.0.0","",""
"Goals and Preferences","Advance Directive Observation","Information about a patient or provider authored document indicating its location, content, type, and verification status. Usage note: May include structured or unstructured data, whether a person has one or more advance directive documents, the type of advance directive, the location of the document, and whether it has been verified. Such documents may be used should a person be unable to communicate their wishes, preferences, or priorities to their provider. Examples include but are not limited to an indication that a living will is on file, a reference to the location of durable medical power of attorney, and the validating provider.","http://hl7.org/fhir/us/core/StructureDefinition/us-core-observation-adi-documentation|9.0.0; http://hl7.org/fhir/us/core/StructureDefinition/us-core-adi-documentreference|9.0.0","",""
"Goals and Preferences","Care Experience Preference","Person's goals, preferences, and priorities for overall experiences during their care and treatment. Examples include but are not limited to religious beliefs, dislikes and fears, and thoughts and feelings to be shared.","http://hl7.org/fhir/us/core/StructureDefinition/us-core-treatment-intervention-preference|9.0.0","",""
"Goals and Preferences","Patient Goals","Desired outcomes of patient's care. Examples include but are not limited to blood pressure control, functional ability, and nutrition.","","http://hl7.org/fhir/us/quality-core/StructureDefinition/us-quality-core-goal","USQualityCoreGoal.description"
"Goals and Preferences","SDOH Goals","Desired future states for an identified Social Determinants of Health-related health concern, condition, or diagnosis. Examples include but are not limited to food security, transportation security, and ability to access health care.","","http://hl7.org/fhir/us/quality-core/StructureDefinition/us-quality-core-goal","USQualityCoreGoal.description"
"Goals and Preferences","Treatment Intervention Preference","Person's goals, preferences, and priorities for care and treatment in case that person is unable to make medical decisions because of a serious illness or injury. Examples include but are not limited to thoughts on cardiopulmonary resuscitation, mental health treatment preferences, and thoughts on pain management.","http://hl7.org/fhir/us/core/StructureDefinition/us-core-treatment-intervention-preference|9.0.0","",""
"Health Insurance Information","Coverage Status","Presence or absence of health care insurance.","","http://hl7.org/fhir/us/quality-core/StructureDefinition/us-quality-core-coverage","USQualityCoreCoverage.status; USQualityCoreCoverage.period"
"Health Insurance Information","Coverage Type","Category of healthcare payers, insurance products, or benefits. Examples include but are not limited to Medicaid, commercial, HMO, Veterans Benefits Administration, Medicare Part D, and dental.","","http://hl7.org/fhir/us/quality-core/StructureDefinition/us-quality-core-coverage","USQualityCoreCoverage.type"
"Health Insurance Information","Group Identifier","Sequence of characters used to uniquely refer to a specific health insurance plan.","","http://hl7.org/fhir/us/quality-core/StructureDefinition/us-quality-core-coverage","USQualityCoreCoverage.class; USQualityCoreCoverage.class:group; USQualityCoreCoverage.class:group.name; USQualityCoreCoverage.class:group.value"
"Health Insurance Information","Health Insurance Beneficiary","The party who benefits from the health insurance coverage.","","http://hl7.org/fhir/us/quality-core/StructureDefinition/us-quality-core-coverage","USQualityCoreCoverage.beneficiary"
"Health Insurance Information","Health Insurance Coverage Period","The time frame in which the policy is in force.","","http://hl7.org/fhir/us/quality-core/StructureDefinition/us-quality-core-coverage","USQualityCoreCoverage.period"
"Health Insurance Information","Health Insurance Payer","Issuer of the policy.","","http://hl7.org/fhir/us/quality-core/StructureDefinition/us-quality-core-coverage; http://hl7.org/fhir/us/quality-core/StructureDefinition/us-quality-core-organization","USQualityCoreCoverage.payor; USQualityCoreOrganization.name"
"Health Insurance Information","Health Insurance Plan Identifier","Sequence of characters used to uniquely refer to an insurance plan.","","http://hl7.org/fhir/us/quality-core/StructureDefinition/us-quality-core-coverage","USQualityCoreCoverage.class:plan.value"
"Health Insurance Information","Insurance Plan Name","Name of the health plan benefit offering assigned to the Plan Identifier.","","http://hl7.org/fhir/us/quality-core/StructureDefinition/us-quality-core-coverage","USQualityCoreCoverage.class:plan; USQualityCoreCoverage.class:plan.name"
"Health Insurance Information","Member Identifier","Sequence of characters used to uniquely refer to an individual with respect to their insurance.","","http://hl7.org/fhir/us/quality-core/StructureDefinition/us-quality-core-coverage","USQualityCoreCoverage.identifier; USQualityCoreCoverage.identifier:memberid; USQualityCoreCoverage.identifier:memberid.type"
"Health Insurance Information","Payer Identifier","Sequence of characters used to uniquely refer to an insurance payer.","","http://hl7.org/fhir/us/quality-core/StructureDefinition/us-quality-core-organization; http://hl7.org/fhir/us/quality-core/StructureDefinition/us-quality-core-coverage","USQualityCoreOrganization.identifier; USQualityCoreCoverage.payor"
"Health Insurance Information","Relationship to Subscriber","Relationship of a patient to the primary insured person.","","http://hl7.org/fhir/us/quality-core/StructureDefinition/us-quality-core-coverage","USQualityCoreCoverage.relationship"
"Health Insurance Information","Subscriber Identifier","Sequence of characters used to uniquely refer to the individual that selects insurance benefits.","","http://hl7.org/fhir/us/quality-core/StructureDefinition/us-quality-core-coverage","USQualityCoreCoverage.subscriberId"
"Health Status Assessments","Alcohol Use","Evaluation of a patient's consumption of alcohol. Examples include but are not limited to history of alcohol use, alcohol use disorder identification test and alcohol intake assessment.","","http://hl7.org/fhir/us/quality-core/StructureDefinition/us-quality-core-simple-observation; http://hl7.org/fhir/us/quality-core/StructureDefinition/us-quality-core-observation-screening-assessment; http://hl7.org/fhir/us/quality-core/StructureDefinition/us-quality-core-questionnaireresponse; http://hl7.org/fhir/us/quality-core/StructureDefinition/us-quality-core-condition-problems-health-concerns","USQualityCoreSimpleObservation.category; USQualityCoreSimpleObservation.category:us-core; USQualityCoreSimpleObservation.code; USQualityCoreSimpleObservation.value[x]; USQualityCoreSimpleObservation.status; USQualityCoreSimpleObservation.effective[x]; USQualityCoreObservationScreeningAssessment.category; USQualityCoreObservationScreeningAssessment.code; USQualityCoreObservationScreeningAssessment.value[x]; USQualityCoreObservationScreeningAssessment.status; USQualityCoreObservationScreeningAssessment.effective[x]; USQualityCoreQuestionnaireResponse.questionnaire; USQualityCoreQuestionnaireResponse.item.answer; USQualityCoreQuestionnaireResponse.item.answer.value[x]; USQualityCoreQuestionnaireResponse.authored; USQualityCoreConditionProblemsHealthConcerns.code"
"Health Status Assessments","Disability Status","Assessment of a patient's physical, cognitive, or psychiatric disabilities. Examples include but are not limited to American Community Survey, Veterans RAND Health Survey, and Patient-Reported Outcomes Measurement Information System (PROMIS).","","http://hl7.org/fhir/us/quality-core/StructureDefinition/us-quality-core-simple-observation; http://hl7.org/fhir/us/quality-core/StructureDefinition/us-quality-core-observation-screening-assessment; http://hl7.org/fhir/us/quality-core/StructureDefinition/us-quality-core-questionnaireresponse; http://hl7.org/fhir/us/quality-core/StructureDefinition/us-quality-core-condition-problems-health-concerns","USQualityCoreSimpleObservation.category; USQualityCoreSimpleObservation.category:us-core; USQualityCoreSimpleObservation.code; USQualityCoreSimpleObservation.value[x]; USQualityCoreSimpleObservation.status; USQualityCoreSimpleObservation.effective[x]; USQualityCoreObservationScreeningAssessment.category; USQualityCoreObservationScreeningAssessment.code; USQualityCoreObservationScreeningAssessment.value[x]; USQualityCoreObservationScreeningAssessment.status; USQualityCoreObservationScreeningAssessment.effective[x]; USQualityCoreQuestionnaireResponse.questionnaire; USQualityCoreQuestionnaireResponse.item.answer; USQualityCoreQuestionnaireResponse.item.answer.value[x]; USQualityCoreQuestionnaireResponse.authored; USQualityCoreConditionProblemsHealthConcerns.code"
"Health Status Assessments","Functional Status","Assessment of a person's ability to perform activities of daily living and activities across other situations and settings. Examples include but are not limited to Functional Assessment Standardized Items (FASI) and Timed Up and Go (TUG).","","http://hl7.org/fhir/us/quality-core/StructureDefinition/us-quality-core-simple-observation; http://hl7.org/fhir/us/quality-core/StructureDefinition/us-quality-core-observation-screening-assessment; http://hl7.org/fhir/us/quality-core/StructureDefinition/us-quality-core-questionnaireresponse; http://hl7.org/fhir/us/quality-core/StructureDefinition/us-quality-core-condition-problems-health-concerns","USQualityCoreSimpleObservation.category; USQualityCoreSimpleObservation.category:us-core; USQualityCoreSimpleObservation.code; USQualityCoreSimpleObservation.value[x]; USQualityCoreSimpleObservation.status; USQualityCoreSimpleObservation.effective[x]; USQualityCoreObservationScreeningAssessment.category; USQualityCoreObservationScreeningAssessment.code; USQualityCoreObservationScreeningAssessment.value[x]; USQualityCoreObservationScreeningAssessment.status; USQualityCoreObservationScreeningAssessment.effective[x]; USQualityCoreQuestionnaireResponse.questionnaire; USQualityCoreQuestionnaireResponse.item.answer; USQualityCoreQuestionnaireResponse.item.answer.value[x]; USQualityCoreQuestionnaireResponse.authored; USQualityCoreConditionProblemsHealthConcerns.code"
"Health Status Assessments","Health Concerns","Health-related issue or worry. Examples include but are not limited to weight gain and cancer risk.","","http://hl7.org/fhir/us/quality-core/StructureDefinition/us-quality-core-condition-problems-health-concerns","USQualityCoreConditionProblemsHealthConcerns.category:us-core; USQualityCoreConditionProblemsHealthConcerns.code"
"Health Status Assessments","Mental/Cognitive Status","Assessment or screening for the presence of a mental or behavioral problem. Examples include but are not limited to Confusion Assessment Method (CAM) and Patient Health Questionnaire (PHQ).","","http://hl7.org/fhir/us/quality-core/StructureDefinition/us-quality-core-simple-observation; http://hl7.org/fhir/us/quality-core/StructureDefinition/us-quality-core-observation-screening-assessment; http://hl7.org/fhir/us/quality-core/StructureDefinition/us-quality-core-questionnaireresponse; http://hl7.org/fhir/us/quality-core/StructureDefinition/us-quality-core-condition-problems-health-concerns","USQualityCoreSimpleObservation.category; USQualityCoreSimpleObservation.category:us-core; USQualityCoreSimpleObservation.code; USQualityCoreSimpleObservation.value[x]; USQualityCoreSimpleObservation.status; USQualityCoreSimpleObservation.effective[x]; USQualityCoreObservationScreeningAssessment.category; USQualityCoreObservationScreeningAssessment.code; USQualityCoreObservationScreeningAssessment.value[x]; USQualityCoreObservationScreeningAssessment.status; USQualityCoreObservationScreeningAssessment.effective[x]; USQualityCoreQuestionnaireResponse.questionnaire; USQualityCoreQuestionnaireResponse.item.answer; USQualityCoreQuestionnaireResponse.item.answer.value[x]; USQualityCoreQuestionnaireResponse.authored; USQualityCoreConditionProblemsHealthConcerns.code"
"Health Status Assessments","Physical Activity","Evaluation of a patient's current or usual exercise. Examples include but are not limited to frequency of muscle-strengthening physical activity, days per week with moderate to strenuous physical activity, and minutes per day of moderate to strenuous physical activity.","","http://hl7.org/fhir/us/quality-core/StructureDefinition/us-quality-core-simple-observation; http://hl7.org/fhir/us/quality-core/StructureDefinition/us-quality-core-observation-screening-assessment; http://hl7.org/fhir/us/quality-core/StructureDefinition/us-quality-core-questionnaireresponse; http://hl7.org/fhir/us/quality-core/StructureDefinition/us-quality-core-condition-problems-health-concerns","USQualityCoreSimpleObservation.category; USQualityCoreSimpleObservation.category:us-core; USQualityCoreSimpleObservation.code; USQualityCoreSimpleObservation.value[x]; USQualityCoreSimpleObservation.status; USQualityCoreSimpleObservation.effective[x]; USQualityCoreObservationScreeningAssessment.category; USQualityCoreObservationScreeningAssessment.code; USQualityCoreObservationScreeningAssessment.value[x]; USQualityCoreObservationScreeningAssessment.status; USQualityCoreObservationScreeningAssessment.effective[x]; USQualityCoreQuestionnaireResponse.questionnaire; USQualityCoreQuestionnaireResponse.item.answer; USQualityCoreQuestionnaireResponse.item.answer.value[x]; USQualityCoreQuestionnaireResponse.authored; USQualityCoreConditionProblemsHealthConcerns.code"
"Health Status Assessments","Pregnancy Status","State or condition of being pregnant or intent to become pregnant. Examples include but are not limited to pregnant, not pregnant, and unknown.","http://hl7.org/fhir/us/core/StructureDefinition/us-core-observation-pregnancystatus|9.0.0; http://hl7.org/fhir/us/core/StructureDefinition/us-core-observation-pregnancyintent|9.0.0","",""
"Health Status Assessments","SDOH Assessment","Screening questionnaire-based, structured evaluation for a Social Determinants of Health-related risk. Examples include but are not limited to food, housing, transportation security, and health literacy.","","http://hl7.org/fhir/us/quality-core/StructureDefinition/us-quality-core-simple-observation; http://hl7.org/fhir/us/quality-core/StructureDefinition/us-quality-core-observation-screening-assessment; http://hl7.org/fhir/us/quality-core/StructureDefinition/us-quality-core-questionnaireresponse; http://hl7.org/fhir/us/quality-core/StructureDefinition/us-quality-core-condition-problems-health-concerns","USQualityCoreSimpleObservation.category; USQualityCoreSimpleObservation.category:us-core; USQualityCoreSimpleObservation.code; USQualityCoreSimpleObservation.value[x]; USQualityCoreSimpleObservation.status; USQualityCoreSimpleObservation.effective[x]; USQualityCoreObservationScreeningAssessment.category; USQualityCoreObservationScreeningAssessment.code; USQualityCoreObservationScreeningAssessment.value[x]; USQualityCoreObservationScreeningAssessment.status; USQualityCoreObservationScreeningAssessment.effective[x]; USQualityCoreQuestionnaireResponse.questionnaire; USQualityCoreQuestionnaireResponse.item.answer; USQualityCoreQuestionnaireResponse.item.answer.value[x]; USQualityCoreQuestionnaireResponse.authored; USQualityCoreConditionProblemsHealthConcerns.code"
"Health Status Assessments","Smoking Status","Assessment of a patient's smoking behaviors. Examples include but are not limited to pack- years and current use.","http://hl7.org/fhir/us/core/StructureDefinition/us-core-smokingstatus|9.0.0","",""
"Health Status Assessments","Substance Use","Evaluation of a patient's reported use of drugs or other substances for non-medical purposes or in excess of a valid prescription. Examples include but are not limited to substance use disorder score, and substance use knowledge assessment.","","http://hl7.org/fhir/us/quality-core/StructureDefinition/us-quality-core-simple-observation; http://hl7.org/fhir/us/quality-core/StructureDefinition/us-quality-core-observation-screening-assessment; http://hl7.org/fhir/us/quality-core/StructureDefinition/us-quality-core-questionnaireresponse; http://hl7.org/fhir/us/quality-core/StructureDefinition/us-quality-core-condition-problems-health-concerns","USQualityCoreSimpleObservation.category; USQualityCoreSimpleObservation.category:us-core; USQualityCoreSimpleObservation.code; USQualityCoreSimpleObservation.value[x]; USQualityCoreSimpleObservation.status; USQualityCoreSimpleObservation.effective[x]; USQualityCoreObservationScreeningAssessment.category; USQualityCoreObservationScreeningAssessment.code; USQualityCoreObservationScreeningAssessment.value[x]; USQualityCoreObservationScreeningAssessment.status; USQualityCoreObservationScreeningAssessment.effective[x]; USQualityCoreQuestionnaireResponse.questionnaire; USQualityCoreQuestionnaireResponse.item.answer; USQualityCoreQuestionnaireResponse.item.answer.value[x]; USQualityCoreQuestionnaireResponse.authored; USQualityCoreConditionProblemsHealthConcerns.code"
"Healthcare Information Attributes","Reason Not Performed","Explanation or justification provided when an order or practice guideline is not carried out. Usage note: Should be included with a procedure, immunization, and medication.","","http://hl7.org/fhir/us/quality-core/StructureDefinition/us-quality-core-procedurenotdone; http://hl7.org/fhir/us/quality-core/StructureDefinition/us-quality-core-immunizationnotdone; http://hl7.org/fhir/us/quality-core/StructureDefinition/us-quality-core-medicationadministrationnotdone; http://hl7.org/fhir/us/quality-core/StructureDefinition/us-quality-core-medicationdispensedeclined; http://hl7.org/fhir/us/quality-core/StructureDefinition/us-quality-core-medicationprohibited; http://hl7.org/fhir/us/quality-core/StructureDefinition/us-quality-core-serviceprohibited; http://hl7.org/fhir/us/quality-core/StructureDefinition/us-quality-core-devicerequest; http://hl7.org/fhir/us/quality-core/StructureDefinition/us-quality-core-taskrejected","USQualityCoreProcedureNotDone.statusReason; USQualityCoreProcedureNotDone.extension:recorded; USQualityCoreProcedureNotDone.code.extension:codeOptions; USQualityCoreProcedureNotDone.reasonCode; USQualityCoreProcedureNotDone.reasonReference; USQualityCoreImmunizationNotDone.statusReason; USQualityCoreImmunizationNotDone.status; USQualityCoreImmunizationNotDone.vaccineCode; USQualityCoreImmunizationNotDone.vaccineCode.extension:codeOptions; USQualityCoreImmunizationNotDone.recorded; USQualityCoreMedicationAdministrationNotDone.statusReason; USQualityCoreMedicationAdministrationNotDone.status; USQualityCoreMedicationAdministrationNotDone.medication[x]; USQualityCoreMedicationAdministrationNotDone.medication[x].extension:codeOptions; USQualityCoreMedicationDispenseDeclined.statusReason[x]; USQualityCoreMedicationDispenseDeclined.extension:recorded; USQualityCoreMedicationDispenseDeclined.status; USQualityCoreMedicationDispenseDeclined.medication[x]; USQualityCoreMedicationDispenseDeclined.medication[x].extension:codeOptions; USQualityCoreMedicationProhibited.reasonCode; USQualityCoreMedicationProhibited.doNotPerform; USQualityCoreMedicationProhibited.medication[x]; USQualityCoreMedicationProhibited.medication[x].extension:codeOptions; USQualityCoreServiceProhibited.reasonCode; USQualityCoreServiceProhibited.doNotPerform; USQualityCoreServiceProhibited.code; USQualityCoreServiceProhibited.code.extension:codeOptions; USQualityCoreServiceProhibited.authoredOn; USQualityCoreDeviceRequest.reasonCode; USQualityCoreDeviceRequest.status; USQualityCoreDeviceRequest.code[x]; USQualityCoreDeviceRequest.code[x]:codeCodeableConcept.extension:codeOptions; USQualityCoreDeviceRequest.modifierExtension:doNotPerform; USQualityCoreTaskRejected.statusReason; USQualityCoreTaskRejected.status; USQualityCoreTaskRejected.code; USQualityCoreTaskRejected.code.extension:codeOptions"
"Immunizations","Immunization Record Source","Immunization event information source. Examples include but are not limited to facility administering the immunization and an external record.","","http://hl7.org/fhir/us/quality-core/StructureDefinition/us-quality-core-immunization; http://hl7.org/fhir/us/quality-core/StructureDefinition/us-quality-core-immunizationdone","USQualityCoreImmunization.primarySource; USQualityCoreImmunization.location; USQualityCoreImmunizationDone.primarySource; USQualityCoreImmunizationDone.location"
"Immunizations","Immunization Status","State of an immunization event.","","http://hl7.org/fhir/us/quality-core/StructureDefinition/us-quality-core-immunization; http://hl7.org/fhir/us/quality-core/StructureDefinition/us-quality-core-immunizationdone","USQualityCoreImmunization.status; USQualityCoreImmunizationDone.status"
"Immunizations","Immunizations","Vaccine product administered, planned, or reported.","","http://hl7.org/fhir/us/quality-core/StructureDefinition/us-quality-core-immunization; http://hl7.org/fhir/us/quality-core/StructureDefinition/us-quality-core-immunizationdone","USQualityCoreImmunization.vaccineCode; USQualityCoreImmunizationDone.vaccineCode"
"Immunizations","Lot Number","Sequence of characters representing a specific quantity of manufactured material within a batch of a vaccine product.","","http://hl7.org/fhir/us/quality-core/StructureDefinition/us-quality-core-immunization; http://hl7.org/fhir/us/quality-core/StructureDefinition/us-quality-core-immunizationdone","USQualityCoreImmunization.lotNumber; USQualityCoreImmunizationDone.lotNumber"
"Immunizations","Vaccination Administration Date and Time","The date and time the vaccination event occurred.","","http://hl7.org/fhir/us/quality-core/StructureDefinition/us-quality-core-immunization; http://hl7.org/fhir/us/quality-core/StructureDefinition/us-quality-core-immunizationdone","USQualityCoreImmunization.occurrence[x]; USQualityCoreImmunizationDone.occurrence[x]"
"Laboratory","Result Interpretation","Categorical assessment of a laboratory value, often in relation to a test's reference range. Examples include but are not limited to high, low, critical high, and normal.","","http://hl7.org/fhir/us/quality-core/StructureDefinition/us-quality-core-observation-lab","USQualityCoreObservationLab.interpretation"
"Laboratory","Result Reference Range","Upper and lower limit of quantitative test values expected for a designated population of individuals.Usage note: Reference range values may differ by patient characteristics, laboratory test manufacturer, and laboratory test performer.","","http://hl7.org/fhir/us/quality-core/StructureDefinition/us-quality-core-observation-lab","USQualityCoreObservationLab.referenceRange"
"Laboratory","Result Status","State or condition of a laboratory test.","","http://hl7.org/fhir/us/quality-core/StructureDefinition/us-quality-core-observation-lab; http://hl7.org/fhir/us/quality-core/StructureDefinition/us-quality-core-diagnosticreport-lab","USQualityCoreObservationLab.status; USQualityCoreDiagnosticReportLab.status"
"Laboratory","Result Unit of Measure","Unit of measurement to report quantitative results.","","http://hl7.org/fhir/us/quality-core/StructureDefinition/us-quality-core-observation-lab","USQualityCoreObservationLab.value[x]"
"Laboratory","Specimen Condition Acceptability","Information about a specimen, including the container, that is used to determine a laboratory's criteria for acceptability. Usage note: This may include information about the contents of the container, the container, and the label. Examples include but are not limited to hemolyzed, clotted, container leaking, and missing patient name.","http://hl7.org/fhir/us/core/StructureDefinition/us-core-specimen|9.0.0","http://hl7.org/fhir/us/quality-core/StructureDefinition/us-quality-core-observation-lab","USQualityCoreObservationLab.specimen"
"Laboratory","Specimen Identifier","Sequence of characters assigned by a laboratory for an individual specimen. Example includes but is not limited to accession number.","http://hl7.org/fhir/us/core/StructureDefinition/us-core-specimen|9.0.0","http://hl7.org/fhir/us/quality-core/StructureDefinition/us-quality-core-observation-lab","USQualityCoreObservationLab.specimen"
"Laboratory","Specimen Source Site","Body location from where a specimen was obtained. Examples include but are not limited to right internal jugular, left arm, and right eye.","http://hl7.org/fhir/us/core/StructureDefinition/us-core-specimen|9.0.0","http://hl7.org/fhir/us/quality-core/StructureDefinition/us-quality-core-observation-lab","USQualityCoreObservationLab.specimen"
"Laboratory","Specimen Type","Substance being sampled or tested. Examples include but are not limited to nasopharyngeal swab, whole blood, serum, urine, and wound swab.","http://hl7.org/fhir/us/core/StructureDefinition/us-core-specimen|9.0.0","http://hl7.org/fhir/us/quality-core/StructureDefinition/us-quality-core-observation-lab","USQualityCoreObservationLab.specimen"
"Laboratory","Tests","Analysis of specimens derived from humans which provide information for the diagnosis, prevention, treatment of disease, or assessment of health.","","http://hl7.org/fhir/us/quality-core/StructureDefinition/us-quality-core-observation-lab; http://hl7.org/fhir/us/quality-core/StructureDefinition/us-quality-core-diagnosticreport-lab","USQualityCoreObservationLab.category; USQualityCoreObservationLab.category:us-core; USQualityCoreObservationLab.code; USQualityCoreDiagnosticReportLab.category; USQualityCoreDiagnosticReportLab.category:LaboratorySlice; USQualityCoreDiagnosticReportLab.code"
"Laboratory","Values/Results","Documented findings of a tested specimen including structured and unstructured components","","http://hl7.org/fhir/us/quality-core/StructureDefinition/us-quality-core-observation-lab; http://hl7.org/fhir/us/quality-core/StructureDefinition/us-quality-core-diagnosticreport-lab","USQualityCoreObservationLab.value[x]; USQualityCoreDiagnosticReportLab.result"
"Laboratory","Laboratory Result Report Date and Time","The date and time when the laboratory result(s) report is made available to inform clinical decision making.","","http://hl7.org/fhir/us/quality-core/StructureDefinition/us-quality-core-observation-lab; http://hl7.org/fhir/us/quality-core/StructureDefinition/us-quality-core-diagnosticreport-lab","USQualityCoreObservationLab.issued; USQualityCoreDiagnosticReportLab.issued"
"Laboratory","Specimen Collection Date and Time","Date and time the test sample was collected.","","http://hl7.org/fhir/us/quality-core/StructureDefinition/us-quality-core-observation-lab; http://hl7.org/fhir/us/quality-core/StructureDefinition/us-quality-core-diagnosticreport-lab","USQualityCoreObservationLab.effective[x]; USQualityCoreObservationLab.specimen; USQualityCoreDiagnosticReportLab.effective[x]"
"Medical Devices","Device Type","Kind of instrument, machine, appliance, implant, software, and similar medical device.","http://hl7.org/fhir/us/core/StructureDefinition/us-core-device|9.0.0","http://hl7.org/fhir/us/quality-core/StructureDefinition/us-quality-core-devicerequest; http://hl7.org/fhir/us/quality-core/StructureDefinition/us-quality-core-devicerequested; http://hl7.org/fhir/us/quality-core/StructureDefinition/us-quality-core-servicerequest; http://hl7.org/fhir/us/quality-core/StructureDefinition/us-quality-core-servicerequested","USQualityCoreDeviceRequest.code[x]:codeCodeableConcept.extension:codeOptions; USQualityCoreDeviceRequested.code[x]:codeCodeableConcept.extension:codeOptions; USQualityCoreServiceRequest.code.extension:codeOptions; USQualityCoreServiceRequested.code.extension:codeOptions"
"Medical Devices","Unique Device Identifier (UDI)","Numeric or alphanumeric code that uniquely identifies a medical device. Usage note: Contains a device identifier (DI) and one or more production identifiers (PI).","http://hl7.org/fhir/us/core/StructureDefinition/us-core-device|9.0.0","",""
"Medications","Days Supply","Number of days supply of medication dispensed by the pharmacy.","","http://hl7.org/fhir/us/quality-core/StructureDefinition/us-quality-core-medicationdispense; http://hl7.org/fhir/us/quality-core/StructureDefinition/us-quality-core-medicationrequest; http://hl7.org/fhir/us/quality-core/StructureDefinition/us-quality-core-medicationdispensedone; http://hl7.org/fhir/us/quality-core/StructureDefinition/us-quality-core-medicationrequested","USQualityCoreMedicationDispense.daysSupply; USQualityCoreMedicationRequest.dispenseRequest.expectedSupplyDuration; USQualityCoreMedicationRequest.dispenseRequest; USQualityCoreMedicationDispenseDone.daysSupply; USQualityCoreMedicationRequested.dispenseRequest.expectedSupplyDuration; USQualityCoreMedicationRequested.dispenseRequest"
"Medications","Dispense Status","State of a medication with regards to dispensing or other activity. Examples include but are not limited to dispensed, partially dispensed, not dispensed.","","http://hl7.org/fhir/us/quality-core/StructureDefinition/us-quality-core-medicationdispense; http://hl7.org/fhir/us/quality-core/StructureDefinition/us-quality-core-medicationdispensedeclined; http://hl7.org/fhir/us/quality-core/StructureDefinition/us-quality-core-medicationdispensedone","USQualityCoreMedicationDispense.status; USQualityCoreMedicationDispenseDeclined.status; USQualityCoreMedicationDispenseDone.status"
"Medications","Dose","Amount of a medication for each administration.","","http://hl7.org/fhir/us/quality-core/StructureDefinition/us-quality-core-medicationadministration; http://hl7.org/fhir/us/quality-core/StructureDefinition/us-quality-core-medicationdispense; http://hl7.org/fhir/us/quality-core/StructureDefinition/us-quality-core-medicationrequest; http://hl7.org/fhir/us/quality-core/StructureDefinition/us-quality-core-medicationadministrationdone; http://hl7.org/fhir/us/quality-core/StructureDefinition/us-quality-core-medicationdispensedone; http://hl7.org/fhir/us/quality-core/StructureDefinition/us-quality-core-medicationrequested","USQualityCoreMedicationAdministration.dosage; USQualityCoreMedicationAdministration.dosage.dose; USQualityCoreMedicationDispense.dosageInstruction.doseAndRate.dose[x]; USQualityCoreMedicationRequest.dosageInstruction.doseAndRate.dose[x]; USQualityCoreMedicationAdministrationDone.dosage; USQualityCoreMedicationAdministrationDone.dosage.dose; USQualityCoreMedicationDispenseDone.dosageInstruction.doseAndRate.dose[x]; USQualityCoreMedicationRequested.dosageInstruction.doseAndRate.dose[x]"
"Medications","Dose Unit of Measure","Units of measure of a medication. Examples include but are not limited to milligram (mg) and milliliter (mL).","","http://hl7.org/fhir/us/quality-core/StructureDefinition/us-quality-core-medicationadministration; http://hl7.org/fhir/us/quality-core/StructureDefinition/us-quality-core-medicationdispense; http://hl7.org/fhir/us/quality-core/StructureDefinition/us-quality-core-medicationrequest; http://hl7.org/fhir/us/quality-core/StructureDefinition/us-quality-core-medicationadministrationdone; http://hl7.org/fhir/us/quality-core/StructureDefinition/us-quality-core-medicationdispensedone; http://hl7.org/fhir/us/quality-core/StructureDefinition/us-quality-core-medicationrequested","USQualityCoreMedicationAdministration.dosage.dose; USQualityCoreMedicationDispense.dosageInstruction.doseAndRate.dose[x]; USQualityCoreMedicationRequest.dosageInstruction.doseAndRate.dose[x]; USQualityCoreMedicationAdministrationDone.dosage.dose; USQualityCoreMedicationDispenseDone.dosageInstruction.doseAndRate.dose[x]; USQualityCoreMedicationRequested.dosageInstruction.doseAndRate.dose[x]"
"Medications","Indication","Sign, symptom, or medical condition that is the reason for giving or taking a medication.","","http://hl7.org/fhir/us/quality-core/StructureDefinition/us-quality-core-medicationrequest; http://hl7.org/fhir/us/quality-core/StructureDefinition/us-quality-core-medicationrequested","USQualityCoreMedicationRequest.reasonCode; USQualityCoreMedicationRequest.reasonReference; USQualityCoreMedicationRequested.reasonCode; USQualityCoreMedicationRequested.reasonReference"
"Medications","Medication Adherence","Statement of whether a medication has been consumed according to instructions. Examples include but are not limited to taking as directed, taking less than directed, and not taking.","","http://hl7.org/fhir/us/quality-core/StructureDefinition/us-quality-core-medicationrequest; http://hl7.org/fhir/us/quality-core/StructureDefinition/us-quality-core-medicationrequested","USQualityCoreMedicationRequest.extension:medicationAdherence; USQualityCoreMedicationRequested.extension:medicationAdherence"
"Medications","Medication Administration","Information about the event of a patient consuming or otherwise being given a medication. Examples include but are not limited to swallowing a tablet, administering an injection, and a long running infusion.","","http://hl7.org/fhir/us/quality-core/StructureDefinition/us-quality-core-medicationadministration; http://hl7.org/fhir/us/quality-core/StructureDefinition/us-quality-core-medicationadministrationnotdone; http://hl7.org/fhir/us/quality-core/StructureDefinition/us-quality-core-medicationadministrationdone","USQualityCoreMedicationAdministration.medication[x]; USQualityCoreMedicationAdministration.status; USQualityCoreMedicationAdministration.dosage; USQualityCoreMedicationAdministration.medication[x].extension:codeOptions; USQualityCoreMedicationAdministrationNotDone.medication[x]; USQualityCoreMedicationAdministrationNotDone.status; USQualityCoreMedicationAdministrationNotDone.dosage; USQualityCoreMedicationAdministrationNotDone.medication[x].extension:codeOptions; USQualityCoreMedicationAdministrationDone.medication[x]; USQualityCoreMedicationAdministrationDone.status; USQualityCoreMedicationAdministrationDone.dosage; USQualityCoreMedicationAdministrationDone.medication[x].extension:codeOptions"
"Medications","Medication Instructions","Directions for administering or taking a medication. Usage note: May include route, quantity, timing/frequency, and special instructions (PRN, sliding scale, taper). Examples include but are not limited to prescription directions for taking a medication, and package instructions for over-the-counter medications.","","http://hl7.org/fhir/us/quality-core/StructureDefinition/us-quality-core-medicationdispense; http://hl7.org/fhir/us/quality-core/StructureDefinition/us-quality-core-medicationrequest; http://hl7.org/fhir/us/quality-core/StructureDefinition/us-quality-core-medicationdispensedone; http://hl7.org/fhir/us/quality-core/StructureDefinition/us-quality-core-medicationrequested","USQualityCoreMedicationDispense.dosageInstruction; USQualityCoreMedicationDispense.dosageInstruction.doseAndRate; USQualityCoreMedicationDispense.dosageInstruction.text; USQualityCoreMedicationDispense.dosageInstruction.timing; USQualityCoreMedicationRequest.dosageInstruction.asNeeded[x]; USQualityCoreMedicationRequest.dosageInstruction; USQualityCoreMedicationRequest.dosageInstruction.doseAndRate; USQualityCoreMedicationRequest.dosageInstruction.doseAndRate.dose[x]; USQualityCoreMedicationRequest.dosageInstruction.text; USQualityCoreMedicationRequest.dosageInstruction.timing; USQualityCoreMedicationRequest.dosageInstruction.timing.repeat; USQualityCoreMedicationRequest.dosageInstruction.timing.repeat.bounds[x]; USQualityCoreMedicationRequest.dosageInstruction.timing.repeat.frequency; USQualityCoreMedicationRequest.dosageInstruction.timing.repeat.frequencyMax; USQualityCoreMedicationRequest.dosageInstruction.timing.repeat.period; USQualityCoreMedicationRequest.dosageInstruction.timing.repeat.periodMax; USQualityCoreMedicationRequest.dosageInstruction.timing.repeat.periodUnit; USQualityCoreMedicationDispenseDone.dosageInstruction; USQualityCoreMedicationDispenseDone.dosageInstruction.doseAndRate; USQualityCoreMedicationDispenseDone.dosageInstruction.text; USQualityCoreMedicationDispenseDone.dosageInstruction.timing; USQualityCoreMedicationRequested.dosageInstruction.asNeeded[x]; USQualityCoreMedicationRequested.dosageInstruction; USQualityCoreMedicationRequested.dosageInstruction.doseAndRate; USQualityCoreMedicationRequested.dosageInstruction.doseAndRate.dose[x]; USQualityCoreMedicationRequested.dosageInstruction.text; USQualityCoreMedicationRequested.dosageInstruction.timing; USQualityCoreMedicationRequested.dosageInstruction.timing.repeat; USQualityCoreMedicationRequested.dosageInstruction.timing.repeat.bounds[x]; USQualityCoreMedicationRequested.dosageInstruction.timing.repeat.frequency; USQualityCoreMedicationRequested.dosageInstruction.timing.repeat.frequencyMax; USQualityCoreMedicationRequested.dosageInstruction.timing.repeat.period; USQualityCoreMedicationRequested.dosageInstruction.timing.repeat.periodMax; USQualityCoreMedicationRequested.dosageInstruction.timing.repeat.periodUnit"
"Medications","Medication Quantity","The amount of medication, including the unit of measure, that is prescribed or dispensed.","","http://hl7.org/fhir/us/quality-core/StructureDefinition/us-quality-core-medicationdispense; http://hl7.org/fhir/us/quality-core/StructureDefinition/us-quality-core-medicationrequest; http://hl7.org/fhir/us/quality-core/StructureDefinition/us-quality-core-medicationdispensedone; http://hl7.org/fhir/us/quality-core/StructureDefinition/us-quality-core-medicationrequested","USQualityCoreMedicationDispense.quantity; USQualityCoreMedicationRequest.dispenseRequest.quantity; USQualityCoreMedicationRequest.dispenseRequest; USQualityCoreMedicationDispenseDone.quantity; USQualityCoreMedicationRequested.dispenseRequest.quantity; USQualityCoreMedicationRequested.dispenseRequest"
"Medications","Medications","Pharmacologic agent used in the diagnosis, cure, mitigation, treatment, or prevention of disease.","","http://hl7.org/fhir/us/quality-core/StructureDefinition/us-quality-core-medication; http://hl7.org/fhir/us/quality-core/StructureDefinition/us-quality-core-medicationadministration; http://hl7.org/fhir/us/quality-core/StructureDefinition/us-quality-core-medicationdispense; http://hl7.org/fhir/us/quality-core/StructureDefinition/us-quality-core-medicationrequest; http://hl7.org/fhir/us/quality-core/StructureDefinition/us-quality-core-medicationadministrationdone; http://hl7.org/fhir/us/quality-core/StructureDefinition/us-quality-core-medicationdispensedone; http://hl7.org/fhir/us/quality-core/StructureDefinition/us-quality-core-medicationrequested","USQualityCoreMedication.code; USQualityCoreMedicationAdministration.medication[x]; USQualityCoreMedicationDispense.medication[x]; USQualityCoreMedicationRequest.medication[x]; USQualityCoreMedicationAdministrationDone.medication[x]; USQualityCoreMedicationDispenseDone.medication[x]; USQualityCoreMedicationRequested.medication[x]"
"Medications","Route of Administration","Physiological administration path of a therapeutic agent into or onto a patient. Examples include but are not limited to oral, topical, and intravenous.","","http://hl7.org/fhir/us/quality-core/StructureDefinition/us-quality-core-medicationadministration; http://hl7.org/fhir/us/quality-core/StructureDefinition/us-quality-core-medicationdispense; http://hl7.org/fhir/us/quality-core/StructureDefinition/us-quality-core-medicationrequest; http://hl7.org/fhir/us/quality-core/StructureDefinition/us-quality-core-medicationadministrationdone; http://hl7.org/fhir/us/quality-core/StructureDefinition/us-quality-core-medicationdispensedone; http://hl7.org/fhir/us/quality-core/StructureDefinition/us-quality-core-medicationrequested","USQualityCoreMedicationAdministration.dosage.route; USQualityCoreMedicationDispense.dosageInstruction.route; USQualityCoreMedicationRequest.dosageInstruction.route; USQualityCoreMedicationAdministrationDone.dosage.route; USQualityCoreMedicationDispenseDone.dosageInstruction.route; USQualityCoreMedicationRequested.dosageInstruction.route"
"Medications","Date and Time Medication Administered","A specific date/time or interval of time during which the administration took place (or did not take place, when the 'notGiven' attribute is true).","","http://hl7.org/fhir/us/quality-core/StructureDefinition/us-quality-core-medicationadministration; http://hl7.org/fhir/us/quality-core/StructureDefinition/us-quality-core-medicationadministrationnotdone; http://hl7.org/fhir/us/quality-core/StructureDefinition/us-quality-core-medicationadministrationdone","USQualityCoreMedicationAdministration.effective[x]; USQualityCoreMedicationAdministrationNotDone.effective[x]; USQualityCoreMedicationAdministrationDone.effective[x]"
"Medications","Date and Time Medication Prescribed","The date when the prescription was initially written or authored.","","http://hl7.org/fhir/us/quality-core/StructureDefinition/us-quality-core-medicationrequest; http://hl7.org/fhir/us/quality-core/StructureDefinition/us-quality-core-medicationrequested","USQualityCoreMedicationRequest.authoredOn; USQualityCoreMedicationRequested.authoredOn"
"Newborn's Delivery Information","Birth Outcome","The clinical status and health indicators of the newborn including clinical event during labor, delivery, and the immediate post-partum period.","","http://hl7.org/fhir/us/quality-core/StructureDefinition/us-quality-core-simple-observation","USQualityCoreSimpleObservation.code; USQualityCoreSimpleObservation.value[x]"
"Newborn's Delivery Information","Birth Weight","The weight of the infant/fetus at birth/delivery.","","http://hl7.org/fhir/us/quality-core/StructureDefinition/us-quality-core-simple-observation","USQualityCoreSimpleObservation.code; USQualityCoreSimpleObservation.value[x]"
"Newborn's Delivery Information","Gestational Age at Delivery","Gestational age at delivery refers to how far along the pregnancy is at delivery, generally expressed as a combination of weeks and days.","","http://hl7.org/fhir/us/quality-core/StructureDefinition/us-quality-core-simple-observation","USQualityCoreSimpleObservation.code; USQualityCoreSimpleObservation.value[x]"
"Newborn's Delivery Information","Birth Date and Time","The recorded date time of birth of the newborn documented in the fetal record.","","http://hl7.org/fhir/us/quality-core/StructureDefinition/us-quality-core-simple-observation","USQualityCoreSimpleObservation.code; USQualityCoreSimpleObservation.value[x]"
"Orders","Clinical Test Order","Provider-authored request for the performance of a non-laboratory or non-imaging test.","","http://hl7.org/fhir/us/quality-core/StructureDefinition/us-quality-core-servicerequest; http://hl7.org/fhir/us/quality-core/StructureDefinition/us-quality-core-serviceprohibited; http://hl7.org/fhir/us/quality-core/StructureDefinition/us-quality-core-servicerequested","USQualityCoreServiceRequest.code; USQualityCoreServiceRequest.status; USQualityCoreServiceRequest.intent; USQualityCoreServiceRequest.authoredOn; USQualityCoreServiceRequest.code.extension:codeOptions; USQualityCoreServiceRequest.doNotPerform; USQualityCoreServiceProhibited.code; USQualityCoreServiceProhibited.status; USQualityCoreServiceProhibited.intent; USQualityCoreServiceProhibited.authoredOn; USQualityCoreServiceProhibited.code.extension:codeOptions; USQualityCoreServiceProhibited.doNotPerform; USQualityCoreServiceRequested.code; USQualityCoreServiceRequested.status; USQualityCoreServiceRequested.intent; USQualityCoreServiceRequested.authoredOn; USQualityCoreServiceRequested.code.extension:codeOptions; USQualityCoreServiceRequested.doNotPerform"
"Orders","Diagnostic Imaging Order","Provider-authored request for the performance of a diagnostic imaging study.","","http://hl7.org/fhir/us/quality-core/StructureDefinition/us-quality-core-servicerequest; http://hl7.org/fhir/us/quality-core/StructureDefinition/us-quality-core-serviceprohibited; http://hl7.org/fhir/us/quality-core/StructureDefinition/us-quality-core-servicerequested","USQualityCoreServiceRequest.code; USQualityCoreServiceRequest.status; USQualityCoreServiceRequest.intent; USQualityCoreServiceRequest.authoredOn; USQualityCoreServiceRequest.code.extension:codeOptions; USQualityCoreServiceRequest.doNotPerform; USQualityCoreServiceProhibited.code; USQualityCoreServiceProhibited.status; USQualityCoreServiceProhibited.intent; USQualityCoreServiceProhibited.authoredOn; USQualityCoreServiceProhibited.code.extension:codeOptions; USQualityCoreServiceProhibited.doNotPerform; USQualityCoreServiceRequested.code; USQualityCoreServiceRequested.status; USQualityCoreServiceRequested.intent; USQualityCoreServiceRequested.authoredOn; USQualityCoreServiceRequested.code.extension:codeOptions; USQualityCoreServiceRequested.doNotPerform"
"Orders","Laboratory Order","Provider-authored request for laboratory testing.","","http://hl7.org/fhir/us/quality-core/StructureDefinition/us-quality-core-servicerequest; http://hl7.org/fhir/us/quality-core/StructureDefinition/us-quality-core-serviceprohibited; http://hl7.org/fhir/us/quality-core/StructureDefinition/us-quality-core-servicerequested","USQualityCoreServiceRequest.code; USQualityCoreServiceRequest.status; USQualityCoreServiceRequest.intent; USQualityCoreServiceRequest.authoredOn; USQualityCoreServiceRequest.code.extension:codeOptions; USQualityCoreServiceRequest.doNotPerform; USQualityCoreServiceProhibited.code; USQualityCoreServiceProhibited.status; USQualityCoreServiceProhibited.intent; USQualityCoreServiceProhibited.authoredOn; USQualityCoreServiceProhibited.code.extension:codeOptions; USQualityCoreServiceProhibited.doNotPerform; USQualityCoreServiceRequested.code; USQualityCoreServiceRequested.status; USQualityCoreServiceRequested.intent; USQualityCoreServiceRequested.authoredOn; USQualityCoreServiceRequested.code.extension:codeOptions; USQualityCoreServiceRequested.doNotPerform"
"Orders","Medical Device Order","Provider-authored request for medical devices. Examples include but are not limited to therapeutic footwear, insulin infusion pump, and continuous positive airway pressure (CPAP) machine.","","http://hl7.org/fhir/us/quality-core/StructureDefinition/us-quality-core-devicerequest; http://hl7.org/fhir/us/quality-core/StructureDefinition/us-quality-core-devicerequested; http://hl7.org/fhir/us/quality-core/StructureDefinition/us-quality-core-deviceprohibited","USQualityCoreDeviceRequest.code[x]; USQualityCoreDeviceRequest.modifierExtension:doNotPerform; USQualityCoreDeviceRequest.authoredOn; USQualityCoreDeviceRequest.status; USQualityCoreDeviceRequest.intent; USQualityCoreDeviceRequested.code[x]; USQualityCoreDeviceRequested.modifierExtension:doNotPerform; USQualityCoreDeviceRequested.authoredOn; USQualityCoreDeviceRequested.status; USQualityCoreDeviceRequested.intent; USQualityCoreDeviceProhibited.code[x]; USQualityCoreDeviceProhibited.modifierExtension:doNotPerform; USQualityCoreDeviceProhibited.authoredOn; USQualityCoreDeviceProhibited.status; USQualityCoreDeviceProhibited.intent"
"Orders","Medication Order","Provider-authored request for the dispensing of a therapeutic agent.","","http://hl7.org/fhir/us/quality-core/StructureDefinition/us-quality-core-medicationrequest; http://hl7.org/fhir/us/quality-core/StructureDefinition/us-quality-core-medicationprohibited; http://hl7.org/fhir/us/quality-core/StructureDefinition/us-quality-core-medicationrequested","USQualityCoreMedicationRequest.medication[x]; USQualityCoreMedicationRequest.intent; USQualityCoreMedicationRequest.status; USQualityCoreMedicationRequest.dispenseRequest.numberOfRepeatsAllowed; USQualityCoreMedicationRequest.dispenseRequest.validityPeriod; USQualityCoreMedicationRequest.doNotPerform; USQualityCoreMedicationRequest.medication[x].extension:codeOptions; USQualityCoreMedicationRequest.authoredOn; USQualityCoreMedicationProhibited.medication[x]; USQualityCoreMedicationProhibited.intent; USQualityCoreMedicationProhibited.status; USQualityCoreMedicationProhibited.dispenseRequest.numberOfRepeatsAllowed; USQualityCoreMedicationProhibited.dispenseRequest.validityPeriod; USQualityCoreMedicationProhibited.doNotPerform; USQualityCoreMedicationProhibited.medication[x].extension:codeOptions; USQualityCoreMedicationProhibited.authoredOn; USQualityCoreMedicationRequested.medication[x]; USQualityCoreMedicationRequested.intent; USQualityCoreMedicationRequested.status; USQualityCoreMedicationRequested.dispenseRequest.numberOfRepeatsAllowed; USQualityCoreMedicationRequested.dispenseRequest.validityPeriod; USQualityCoreMedicationRequested.doNotPerform; USQualityCoreMedicationRequested.medication[x].extension:codeOptions; USQualityCoreMedicationRequested.authoredOn"
"Orders","Nutrition Order","A provider-authored request for nutrition support such as therapeutic diets, enteral feedings, parenteral nutrition, or oral nutritional supplements.","","http://hl7.org/fhir/us/quality-core/StructureDefinition/us-quality-core-nutritionorder","USQualityCoreNutritionOrder.patient; USQualityCoreNutritionOrder.status; USQualityCoreNutritionOrder.oralDiet; USQualityCoreNutritionOrder.oralDiet.type; USQualityCoreNutritionOrder.oralDiet.type.extension:codeOptions; USQualityCoreNutritionOrder.supplement; USQualityCoreNutritionOrder.supplement.type; USQualityCoreNutritionOrder.supplement.type.extension:codeOptions; USQualityCoreNutritionOrder.enteralFormula; USQualityCoreNutritionOrder.enteralFormula.baseFormulaType; USQualityCoreNutritionOrder.enteralFormula.baseFormulaType.extension:codeOptions"
"Orders","Portable Medical Order","Provider-authored request for end-of-life or life-sustaining care for a person who has a serious life-limiting medical condition. Usage note: These are meant to follow a person regardless of when and where such an order might be needed (e.g., hospital, care facility, community, home). There are variations in requirements and names for portable medical orders based on jurisdiction. Examples include, but are not limited to, POLST (Portable Medical Order for Life-Sustaining Treatment), MOLST (Medical Orders for Life-Sustaining Treatment), and out-of-hospital DNR (do-not-resuscitate).","http://hl7.org/fhir/us/core/StructureDefinition/us-core-adi-documentreference|9.0.0","",""
"Orders","Procedure Order","Provider-authored request for the delivery of patient care services.","","http://hl7.org/fhir/us/quality-core/StructureDefinition/us-quality-core-servicerequest; http://hl7.org/fhir/us/quality-core/StructureDefinition/us-quality-core-serviceprohibited; http://hl7.org/fhir/us/quality-core/StructureDefinition/us-quality-core-servicerequested","USQualityCoreServiceRequest.code; USQualityCoreServiceRequest.status; USQualityCoreServiceRequest.intent; USQualityCoreServiceRequest.authoredOn; USQualityCoreServiceRequest.code.extension:codeOptions; USQualityCoreServiceProhibited.code; USQualityCoreServiceProhibited.status; USQualityCoreServiceProhibited.intent; USQualityCoreServiceProhibited.authoredOn; USQualityCoreServiceProhibited.code.extension:codeOptions; USQualityCoreServiceRequested.code; USQualityCoreServiceRequested.status; USQualityCoreServiceRequested.intent; USQualityCoreServiceRequested.authoredOn; USQualityCoreServiceRequested.code.extension:codeOptions"
"Patient Demographics/Information","Current Address","Place where a person is located or may be contacted.","","http://hl7.org/fhir/us/quality-core/StructureDefinition/us-quality-core-patient","USQualityCorePatient.address; USQualityCorePatient.address.city; USQualityCorePatient.address.line; USQualityCorePatient.address.period; USQualityCorePatient.address.postalCode; USQualityCorePatient.address.state; USQualityCorePatient.address.use"
"Patient Demographics/Information","Date of Birth","Known or estimated year, month, and day of the patient's birth.","","http://hl7.org/fhir/us/quality-core/StructureDefinition/us-quality-core-patient","USQualityCorePatient.birthDate"
"Patient Demographics/Information","Date of Death","Known or estimated year, month, and day of the patient's death.","","http://hl7.org/fhir/us/quality-core/StructureDefinition/us-quality-core-patient","USQualityCorePatient.deceased[x]"
"Patient Demographics/Information","Email Address","Unique identifier of an individual's email account that is used to send and receive email messages.","","http://hl7.org/fhir/us/quality-core/StructureDefinition/us-quality-core-patient","USQualityCorePatient.telecom; USQualityCorePatient.telecom.system; USQualityCorePatient.telecom.use; USQualityCorePatient.telecom.value"
"Patient Demographics/Information","Ethnicity","Patient's self-identification as Hispanic/ Latino or Non- Hispanic/ Non-Latino.","","http://hl7.org/fhir/us/quality-core/StructureDefinition/us-quality-core-patient","USQualityCorePatient.extension:ethnicity"
"Patient Demographics/Information","First Name","A personal name used before a family name.","","http://hl7.org/fhir/us/quality-core/StructureDefinition/us-quality-core-patient","USQualityCorePatient.name; USQualityCorePatient.name.given; USQualityCorePatient.name.period; USQualityCorePatient.name.use"
"Patient Demographics/Information","Interpreter Needed","Indication of whether a person needs language interpretation services.","","http://hl7.org/fhir/us/quality-core/StructureDefinition/us-quality-core-patient","USQualityCorePatient.extension:interpreterRequired"
"Patient Demographics/Information","Last Name","Portion of one's personal name indicating familial or communal ties.","","http://hl7.org/fhir/us/quality-core/StructureDefinition/us-quality-core-patient","USQualityCorePatient.name; USQualityCorePatient.name.family; USQualityCorePatient.name.period"
"Patient Demographics/Information","Middle Name (Including middle initial)","A second or subsequent given name, between the first given name and the family name or surname.","","http://hl7.org/fhir/us/quality-core/StructureDefinition/us-quality-core-patient","USQualityCorePatient.name; USQualityCorePatient.name.given; USQualityCorePatient.name.period"
"Patient Demographics/Information","Name Suffix","Name component following family name that may be used to describe a person's position in a family.","","http://hl7.org/fhir/us/quality-core/StructureDefinition/us-quality-core-patient","USQualityCorePatient.name; USQualityCorePatient.name.period; USQualityCorePatient.name.suffix"
"Patient Demographics/Information","Occupation","Type of work of a person. Examples include but are not limited to infantry, business analyst, and social worker.","http://hl7.org/fhir/us/core/StructureDefinition/us-core-observation-occupation|9.0.0","",""
"Patient Demographics/Information","Occupation Industry","Type of business that compensates for work or assigns work to an unpaid worker or volunteer. Examples include but are not limited to U.S. Army, cement manufacturing, and children and youth services.","http://hl7.org/fhir/us/core/StructureDefinition/us-core-observation-occupation|9.0.0","",""
"Patient Demographics/Information","Patient Identifier","An identifier for the patient.","","http://hl7.org/fhir/us/quality-core/StructureDefinition/us-quality-core-patient","USQualityCorePatient.identifier; USQualityCorePatient.identifier.system; USQualityCorePatient.identifier.value"
"Patient Demographics/Information","Phone Number","Numbers and symbols to contact an individual when using a phone.","","http://hl7.org/fhir/us/quality-core/StructureDefinition/us-quality-core-patient","USQualityCorePatient.telecom; USQualityCorePatient.telecom.system; USQualityCorePatient.telecom.use; USQualityCorePatient.telecom.value"
"Patient Demographics/Information","Phone Number Type","Contact point when using a phone. Examples include but are not limited to home, work, and mobile.","","http://hl7.org/fhir/us/quality-core/StructureDefinition/us-quality-core-patient","USQualityCorePatient.telecom.use"
"Patient Demographics/Information","Preferred Language","Documented language that the patient would like to use when discussing health care.","","http://hl7.org/fhir/us/quality-core/StructureDefinition/us-quality-core-patient","USQualityCorePatient.communication; USQualityCorePatient.communication.language"
"Patient Demographics/Information","Previous Address","Prior place where a person may have been located or could have been contacted. Includes street name, number, city/town, state, and zip code.","","http://hl7.org/fhir/us/quality-core/StructureDefinition/us-quality-core-patient","USQualityCorePatient.address; USQualityCorePatient.address.city; USQualityCorePatient.address.line; USQualityCorePatient.address.period; USQualityCorePatient.address.postalCode; USQualityCorePatient.address.state; USQualityCorePatient.address.use"
"Patient Demographics/Information","Previous Name","Any first and last name an individual may have used in the past for any reason.","","http://hl7.org/fhir/us/quality-core/StructureDefinition/us-quality-core-patient","USQualityCorePatient.name; USQualityCorePatient.name.family; USQualityCorePatient.name.given; USQualityCorePatient.name.period; USQualityCorePatient.name.suffix; USQualityCorePatient.name.use"
"Patient Demographics/Information","Race","An individual's response to the race question based upon self-identification.","","http://hl7.org/fhir/us/quality-core/StructureDefinition/us-quality-core-patient","USQualityCorePatient.extension:race"
"Patient Demographics/Information","Related Person's Name","Name of a person with a legal or familial relationship to a patient.","","http://hl7.org/fhir/us/quality-core/StructureDefinition/us-quality-core-relatedperson","USQualityCoreRelatedPerson.name"
"Patient Demographics/Information","Relationship Type","Relationship of a person to a patient. Examples include but are not limited to parent, next-of-kin, guardian, and custodian.","","http://hl7.org/fhir/us/quality-core/StructureDefinition/us-quality-core-relatedperson","USQualityCoreRelatedPerson.relationship"
"Patient Demographics/Information","Sex","Documentation of a specific instance of sex.","","http://hl7.org/fhir/us/quality-core/StructureDefinition/us-quality-core-patient","USQualityCorePatient.extension:sex"
"Patient Demographics/Information","Tribal Affiliation","Tribe or band with which an individual associates.","","http://hl7.org/fhir/us/quality-core/StructureDefinition/us-quality-core-patient","USQualityCorePatient.extension:tribalAffiliation"
"Pregnancy Information","Delivery Procedures","The method by which a baby is delivered (e.g., vaginal delivery, cesarean section).","","http://hl7.org/fhir/us/quality-core/StructureDefinition/us-quality-core-procedure; http://hl7.org/fhir/us/quality-core/StructureDefinition/us-quality-core-proceduredone","USQualityCoreProcedure.code; USQualityCoreProcedureDone.code"
"Pregnancy Information","Estimated Date of Delivery","The estimated due date (EDD) is the date that spontaneous onset of labor is expected to occur.","","http://hl7.org/fhir/us/quality-core/StructureDefinition/us-quality-core-simple-observation","USQualityCoreSimpleObservation.code; USQualityCoreSimpleObservation.value[x]"
"Pregnancy Information","Fetal Presentation","The anatomical part of the fetus closest to the maternal pelvic inlet at the onset of labor.","","http://hl7.org/fhir/us/quality-core/StructureDefinition/us-quality-core-simple-observation","USQualityCoreSimpleObservation.code; USQualityCoreSimpleObservation.value[x]"
"Pregnancy Information","Gestational Age","The estimated age of the pregnancy, expressed in weeks and fractions of weeks.","","http://hl7.org/fhir/us/quality-core/StructureDefinition/us-quality-core-simple-observation","USQualityCoreSimpleObservation.code; USQualityCoreSimpleObservation.value[x]"
"Pregnancy Information","Gravidity","The number of pregnancies, current and past, regardless of the pregnancy outcome.","","http://hl7.org/fhir/us/quality-core/StructureDefinition/us-quality-core-simple-observation","USQualityCoreSimpleObservation.code; USQualityCoreSimpleObservation.value[x]"
"Pregnancy Information","Parity","Parity is defined as the number of pregnancies reaching 20 weeks and 0 days of gestation or beyond, including the present pregnancy","","http://hl7.org/fhir/us/quality-core/StructureDefinition/us-quality-core-simple-observation","USQualityCoreSimpleObservation.code; USQualityCoreSimpleObservation.value[x]"
"Pregnancy Information","Pregnancy Outcomes","The clinical conclusion of the pregnancy focusing on the end status of the pregnancy and the clinical status of the mother.","","http://hl7.org/fhir/us/quality-core/StructureDefinition/us-quality-core-simple-observation","USQualityCoreSimpleObservation.code; USQualityCoreSimpleObservation.value[x]"
"Pregnancy Information","Preterm Births","Number of births or deliveries that have occurred before 37 0/7 weeks of gestation","","http://hl7.org/fhir/us/quality-core/StructureDefinition/us-quality-core-simple-observation","USQualityCoreSimpleObservation.code; USQualityCoreSimpleObservation.value[x]"
"Pregnancy Information","Term Births","Number of deliveries that have occurred at 37 0/7 weeks of gestation, or after.","","http://hl7.org/fhir/us/quality-core/StructureDefinition/us-quality-core-simple-observation","USQualityCoreSimpleObservation.code; USQualityCoreSimpleObservation.value[x]"
"Pregnancy Information","Delivery Date and Time","The date and time when the newborn is completely delivered, either by full expulsion from the birth canal or full removal from the uterus, documented in the maternal record.","","http://hl7.org/fhir/us/quality-core/StructureDefinition/us-quality-core-simple-observation","USQualityCoreSimpleObservation.code; USQualityCoreSimpleObservation.value[x]"
"Problems","Condition Status","Statement of how a diagnosis, problem, or condition presents or manifests in the patient. Examples include but are not limited to active, resolved, recurrence, and remission.","","http://hl7.org/fhir/us/quality-core/StructureDefinition/us-quality-core-condition-problems-health-concerns","USQualityCoreConditionProblemsHealthConcerns.clinicalStatus"
"Problems","Date of Diagnosis","Date of first determination by a qualified professional of the presence of a problem or condition affecting a patient.","","http://hl7.org/fhir/us/quality-core/StructureDefinition/us-quality-core-condition-problems-health-concerns; http://hl7.org/fhir/us/quality-core/StructureDefinition/us-quality-core-condition-encounter-diagnosis","USQualityCoreConditionProblemsHealthConcerns.recordedDate; USQualityCoreConditionProblemsHealthConcerns.extension:assertedDate; USQualityCoreConditionEncounterDiagnosis.recordedDate"
"Problems","Date of Onset","Date when a problem/condition started.","","http://hl7.org/fhir/us/quality-core/StructureDefinition/us-quality-core-condition-problems-health-concerns; http://hl7.org/fhir/us/quality-core/StructureDefinition/us-quality-core-condition-encounter-diagnosis","USQualityCoreConditionProblemsHealthConcerns.onset[x]; USQualityCoreConditionEncounterDiagnosis.onset[x]"
"Problems","Date of Resolution","Date of subsiding or termination of a symptom, problem or condition.","","http://hl7.org/fhir/us/quality-core/StructureDefinition/us-quality-core-condition-problems-health-concerns; http://hl7.org/fhir/us/quality-core/StructureDefinition/us-quality-core-condition-encounter-diagnosis","USQualityCoreConditionProblemsHealthConcerns.abatement[x]; USQualityCoreConditionEncounterDiagnosis.abatement[x]"
"Problems","Problems","Condition, diagnosis, or reason for seeking medical attention.","","http://hl7.org/fhir/us/quality-core/StructureDefinition/us-quality-core-condition-problems-health-concerns","USQualityCoreConditionProblemsHealthConcerns.code; USQualityCoreConditionProblemsHealthConcerns.severity"
"Problems","SDOH Problems/Health Concerns","Social Determinants of Health-related health concerns, conditions, or diagnoses. Examples include but are not limited to homelessness and food insecurity.","","http://hl7.org/fhir/us/quality-core/StructureDefinition/us-quality-core-condition-problems-health-concerns","USQualityCoreConditionProblemsHealthConcerns.code; USQualityCoreConditionProblemsHealthConcerns.severity"
"Procedures","Performance Time","Time and/or date an activity is performed. Examples include but are not limited to vaccine or medication administration times, surgery start time, time ultrasound performed, and laboratory specimen collection time.","","http://hl7.org/fhir/us/quality-core/StructureDefinition/us-quality-core-procedure; http://hl7.org/fhir/us/quality-core/StructureDefinition/us-quality-core-proceduredone; http://hl7.org/fhir/us/quality-core/StructureDefinition/us-quality-core-diagnosticreport-note; http://hl7.org/fhir/us/quality-core/StructureDefinition/us-quality-core-immunization; http://hl7.org/fhir/us/quality-core/StructureDefinition/us-quality-core-immunizationdone","USQualityCoreProcedure.performed[x]; USQualityCoreProcedureDone.performed[x]; USQualityCoreDiagnosticReportNote.effective[x]; USQualityCoreImmunization.occurrence[x]; USQualityCoreImmunizationDone.occurrence[x]"
"Procedures","Procedure Reason Code","An explanation or justification for a service requested in coded or textual form.","","http://hl7.org/fhir/us/quality-core/StructureDefinition/us-quality-core-procedure; http://hl7.org/fhir/us/quality-core/StructureDefinition/us-quality-core-servicerequest; http://hl7.org/fhir/us/quality-core/StructureDefinition/us-quality-core-procedurenotdone; http://hl7.org/fhir/us/quality-core/StructureDefinition/us-quality-core-serviceprohibited; http://hl7.org/fhir/us/quality-core/StructureDefinition/us-quality-core-proceduredone; http://hl7.org/fhir/us/quality-core/StructureDefinition/us-quality-core-servicerequested","USQualityCoreProcedure.reasonCode; USQualityCoreProcedure.reasonReference; USQualityCoreServiceRequest.reasonCode; USQualityCoreServiceRequest.reasonReference; USQualityCoreProcedureNotDone.reasonCode; USQualityCoreProcedureNotDone.reasonReference; USQualityCoreServiceProhibited.reasonCode; USQualityCoreServiceProhibited.reasonReference; USQualityCoreProcedureDone.reasonCode; USQualityCoreProcedureDone.reasonReference; USQualityCoreServiceRequested.reasonCode; USQualityCoreServiceRequested.reasonReference"
"Procedures","Procedure Status","The status of planned or performed activity.","","http://hl7.org/fhir/us/quality-core/StructureDefinition/us-quality-core-procedure; http://hl7.org/fhir/us/quality-core/StructureDefinition/us-quality-core-procedurenotdone; http://hl7.org/fhir/us/quality-core/StructureDefinition/us-quality-core-proceduredone","USQualityCoreProcedure.status; USQualityCoreProcedure.statusReason; USQualityCoreProcedureNotDone.status; USQualityCoreProcedureNotDone.statusReason; USQualityCoreProcedureDone.status; USQualityCoreProcedureDone.statusReason"
"Procedures","Procedure Type","The specific type of medical procedure performed.","","http://hl7.org/fhir/us/quality-core/StructureDefinition/us-quality-core-procedure; http://hl7.org/fhir/us/quality-core/StructureDefinition/us-quality-core-proceduredone","USQualityCoreProcedure.code; USQualityCoreProcedureDone.code"
"Procedures","Procedures","Activity performed for or on a patient as part of the provision of care.","","http://hl7.org/fhir/us/quality-core/StructureDefinition/us-quality-core-procedure; http://hl7.org/fhir/us/quality-core/StructureDefinition/us-quality-core-proceduredone","USQualityCoreProcedure.code; USQualityCoreProcedure.partOf; USQualityCoreProcedureDone.code; USQualityCoreProcedureDone.partOf"
"Procedures","Reason for Referral","Explanation or justification for a referral or consultation.","","http://hl7.org/fhir/us/quality-core/StructureDefinition/us-quality-core-procedure; http://hl7.org/fhir/us/quality-core/StructureDefinition/us-quality-core-servicerequest; http://hl7.org/fhir/us/quality-core/StructureDefinition/us-quality-core-procedurenotdone; http://hl7.org/fhir/us/quality-core/StructureDefinition/us-quality-core-serviceprohibited; http://hl7.org/fhir/us/quality-core/StructureDefinition/us-quality-core-proceduredone; http://hl7.org/fhir/us/quality-core/StructureDefinition/us-quality-core-servicerequested","USQualityCoreProcedure.reasonCode; USQualityCoreProcedure.reasonReference; USQualityCoreServiceRequest.reasonCode; USQualityCoreServiceRequest.reasonReference; USQualityCoreProcedureNotDone.reasonCode; USQualityCoreProcedureNotDone.reasonReference; USQualityCoreServiceProhibited.reasonCode; USQualityCoreServiceProhibited.reasonReference; USQualityCoreProcedureDone.reasonCode; USQualityCoreProcedureDone.reasonReference; USQualityCoreServiceRequested.reasonCode; USQualityCoreServiceRequested.reasonReference"
"Procedures","SDOH Interventions","Actions or services to address an identified Social Determinants of Health-related health concern, condition, or diagnosis. Examples include but are not limited to education about food pantry program and referral to non- emergency medical transportation program.","","http://hl7.org/fhir/us/quality-core/StructureDefinition/us-quality-core-procedure; http://hl7.org/fhir/us/quality-core/StructureDefinition/us-quality-core-servicerequest; http://hl7.org/fhir/us/quality-core/StructureDefinition/us-quality-core-procedurenotdone; http://hl7.org/fhir/us/quality-core/StructureDefinition/us-quality-core-serviceprohibited; http://hl7.org/fhir/us/quality-core/StructureDefinition/us-quality-core-proceduredone; http://hl7.org/fhir/us/quality-core/StructureDefinition/us-quality-core-servicerequested","USQualityCoreProcedure.code; USQualityCoreServiceRequest.code; USQualityCoreProcedureNotDone.code; USQualityCoreServiceProhibited.code; USQualityCoreProcedureDone.code; USQualityCoreServiceRequested.code"
"Provenance","Author","Actor that created or revised the data. Usage note: The actor may be a provider, a patient, a device, an outside medical record, or something else. The source of the information can be used to form assessments about its quality, reliability, trustworthiness, or can indicate where to go to determine the origins of the information.","","http://hl7.org/fhir/us/quality-core/StructureDefinition/us-quality-core-adverseevent; http://hl7.org/fhir/us/quality-core/StructureDefinition/us-quality-core-devicerequest; http://hl7.org/fhir/us/quality-core/StructureDefinition/us-quality-core-deviceprohibited; http://hl7.org/fhir/us/quality-core/StructureDefinition/us-quality-core-devicerequested; http://hl7.org/fhir/us/quality-core/StructureDefinition/us-quality-core-imagingstudy; http://hl7.org/fhir/us/quality-core/StructureDefinition/us-quality-core-immunizationdone; http://hl7.org/fhir/us/quality-core/StructureDefinition/us-quality-core-immunizationnotdone; http://hl7.org/fhir/us/quality-core/StructureDefinition/us-quality-core-medicationadministration; http://hl7.org/fhir/us/quality-core/StructureDefinition/us-quality-core-medicationadministrationdone; http://hl7.org/fhir/us/quality-core/StructureDefinition/us-quality-core-medicationadministrationnotdone; http://hl7.org/fhir/us/quality-core/StructureDefinition/us-quality-core-medicationdispensedone; http://hl7.org/fhir/us/quality-core/StructureDefinition/us-quality-core-medicationdispensedeclined; http://hl7.org/fhir/us/quality-core/StructureDefinition/us-quality-core-medicationrequested; http://hl7.org/fhir/us/quality-core/StructureDefinition/us-quality-core-medicationprohibited; http://hl7.org/fhir/us/quality-core/StructureDefinition/us-quality-core-nutritionorder; http://hl7.org/fhir/us/quality-core/StructureDefinition/us-quality-core-proceduredone; http://hl7.org/fhir/us/quality-core/StructureDefinition/us-quality-core-procedurenotdone; http://hl7.org/fhir/us/quality-core/StructureDefinition/us-quality-core-servicerequested; http://hl7.org/fhir/us/quality-core/StructureDefinition/us-quality-core-serviceprohibited; http://hl7.org/fhir/us/quality-core/StructureDefinition/us-quality-core-task; http://hl7.org/fhir/us/quality-core/StructureDefinition/us-quality-core-taskdone; http://hl7.org/fhir/us/quality-core/StructureDefinition/us-quality-core-taskrejected","USQualityCoreAdverseEvent.recorder; USQualityCoreDeviceRequest.requester; USQualityCoreDeviceProhibited.requester; USQualityCoreDeviceRequested.requester; USQualityCoreImagingStudy.interpreter; USQualityCoreImagingStudy.series.performer.actor; USQualityCoreImmunizationDone.performer.actor; USQualityCoreImmunizationNotDone.performer.actor; USQualityCoreMedicationAdministration.performer.actor; USQualityCoreMedicationAdministrationDone.performer.actor; USQualityCoreMedicationAdministrationNotDone.performer.actor; USQualityCoreMedicationDispenseDone.performer.actor; USQualityCoreMedicationDispenseDeclined.performer.actor; USQualityCoreMedicationRequested.requester; USQualityCoreMedicationRequested.reported[x]:reportedReference; USQualityCoreMedicationProhibited.requester; USQualityCoreMedicationProhibited.reported[x]:reportedReference; USQualityCoreNutritionOrder.orderer; USQualityCoreProcedureDone.asserter; USQualityCoreProcedureDone.performer.actor; USQualityCoreProcedureNotDone.asserter; USQualityCoreProcedureNotDone.performer.actor; USQualityCoreServiceRequested.requester; USQualityCoreServiceProhibited.requester; USQualityCoreTask.requester; USQualityCoreTaskDone.requester; USQualityCoreTaskRejected.requester"
"Provenance","Author Organization","Organization associated with author.","http://hl7.org/fhir/us/core/StructureDefinition/us-core-provenance|9.0.0","",""
"Provenance","Author Role","Category of actor that participated in the creation or revision of data. Usage note: The source of the information can be used to form assessments about its quality, reliability, trustworthiness, or can indicate where to go to determine the origins of the information. Examples include but are not limited to provider, patient, family member, and device.","http://hl7.org/fhir/us/core/StructureDefinition/us-core-provenance|9.0.0","",""
"Provenance","Author Time Stamp","Date and time of author action.","http://hl7.org/fhir/us/core/StructureDefinition/us-core-provenance|9.0.0","",""
"Referrals","Referral Status","The current state of a referral e.g., draft, active, on-hold, revoked, completed, entered-in-error, unknown.","","http://hl7.org/fhir/us/quality-core/StructureDefinition/us-quality-core-servicerequest; http://hl7.org/fhir/us/quality-core/StructureDefinition/us-quality-core-serviceprohibited; http://hl7.org/fhir/us/quality-core/StructureDefinition/us-quality-core-servicerequested","USQualityCoreServiceRequest.status; USQualityCoreServiceProhibited.status; USQualityCoreServiceRequested.status"
"Referrals","Referral Date and Time","Date and time when a provider wrote an order requesting services.","","http://hl7.org/fhir/us/quality-core/StructureDefinition/us-quality-core-servicerequest; http://hl7.org/fhir/us/quality-core/StructureDefinition/us-quality-core-serviceprohibited; http://hl7.org/fhir/us/quality-core/StructureDefinition/us-quality-core-servicerequested","USQualityCoreServiceRequest.authoredOn; USQualityCoreServiceProhibited.authoredOn; USQualityCoreServiceRequested.authoredOn"
"Task","Task Code","Identifies the type of task that is involved.","","http://hl7.org/fhir/us/quality-core/StructureDefinition/us-quality-core-task; http://hl7.org/fhir/us/quality-core/StructureDefinition/us-quality-core-taskrejected; http://hl7.org/fhir/us/quality-core/StructureDefinition/us-quality-core-taskdone","USQualityCoreTask.code; USQualityCoreTask.focus; USQualityCoreTask.basedOn; USQualityCoreTask.executionPeriod; USQualityCoreTask.for; USQualityCoreTaskRejected.code; USQualityCoreTaskRejected.focus; USQualityCoreTaskRejected.basedOn; USQualityCoreTaskRejected.executionPeriod; USQualityCoreTaskRejected.for; USQualityCoreTaskDone.code; USQualityCoreTaskDone.focus; USQualityCoreTaskDone.basedOn; USQualityCoreTaskDone.executionPeriod; USQualityCoreTaskDone.for"
"Task","Task Status","The current status of the task.","","http://hl7.org/fhir/us/quality-core/StructureDefinition/us-quality-core-task; http://hl7.org/fhir/us/quality-core/StructureDefinition/us-quality-core-taskrejected; http://hl7.org/fhir/us/quality-core/StructureDefinition/us-quality-core-taskdone","USQualityCoreTask.status; USQualityCoreTask.statusReason; USQualityCoreTask.reasonCode; USQualityCoreTaskRejected.status; USQualityCoreTaskRejected.statusReason; USQualityCoreTaskRejected.reasonCode; USQualityCoreTaskDone.status; USQualityCoreTaskDone.statusReason; USQualityCoreTaskDone.reasonCode"
"Vital Signs","Average Blood Pressure","Arithmetic average of systolic and diastolic components of two of more blood pressure readings in a specified time period or according to a specified algorithm or protocol. Examples include but are not limited to 3-day morning and evening home monitoring, clinical encounter repeat average, and 24-hour ambulatory measurement.","http://hl7.org/fhir/us/core/StructureDefinition/us-core-blood-pressure|9.0.0","",""
"Vital Signs","BMI","Body mass index is a value derived from the mass and height of a person. The BMI is defined as the body mass divided by the square of the body height, and is expressed in units of kg/m², resulting from mass in kilograms and height in meters.","http://hl7.org/fhir/us/core/StructureDefinition/us-core-bmi|9.0.0","",""
"Vital Signs","BMI Percentile (2 - 20 years)","BMI-for-age percentile shows how a child's weight compares to that of other children of the same age and sex.","http://hl7.org/fhir/us/core/StructureDefinition/pediatric-bmi-for-age|9.0.0","",""
"Vital Signs","Body Height","The vertical measurement of an individual's stature from the feet to the top of the head when standing upright.","http://hl7.org/fhir/us/core/StructureDefinition/us-core-body-height|9.0.0","",""
"Vital Signs","Body Temperature","Temperature is a measure of the patient's ability to generate and get rid of heat.","http://hl7.org/fhir/us/core/StructureDefinition/us-core-body-temperature|9.0.0","",""
"Vital Signs","Body Weight","The measurement of weight without heavy items located on the person.","http://hl7.org/fhir/us/core/StructureDefinition/us-core-body-weight|9.0.0","",""
"Vital Signs","Diastolic Blood Pressure","Diastolic Blood Pressure","http://hl7.org/fhir/us/core/StructureDefinition/us-core-blood-pressure|9.0.0","",""
"Vital Signs","Head Occipital-frontal Circumference Percentile (Birth - 36 Months)","Measurement of head circumference, or OFC (occipital frontal circumference), is a reflection of head growth and is a useful tool in tracking and monitoring childhood growth and development.","http://hl7.org/fhir/us/core/StructureDefinition/head-occipital-frontal-circumference-percentile|9.0.0","",""
"Vital Signs","Heart Rate","Number of times the heart beats each minute.","http://hl7.org/fhir/us/core/StructureDefinition/us-core-heart-rate|9.0.0","",""
"Vital Signs","Inhaled Oxygen Concentration","Inhaled oxygen concentration is the percent of oxygen inhaled (FIO2).","http://hl7.org/fhir/us/core/StructureDefinition/us-core-pulse-oximetry|9.0.0","",""
"Vital Signs","Pain Severity","A patient's self-reported or clinically observed assessment of the intensity of pain, expressed using a standardized scale or measure.","","http://hl7.org/fhir/us/quality-core/StructureDefinition/us-quality-core-observation-screening-assessment","USQualityCoreObservationScreeningAssessment.code; USQualityCoreObservationScreeningAssessment.value[x]"
"Vital Signs","Pulse Oximetry","Pulse oximetry is a test used to measure the oxygen level (oxygen saturation) of the blood.","http://hl7.org/fhir/us/core/StructureDefinition/us-core-pulse-oximetry|9.0.0","",""
"Vital Signs","Respiratory Rate","The respiration rate is the number of breaths a person takes per minute.","http://hl7.org/fhir/us/core/StructureDefinition/us-core-respiratory-rate|9.0.0","",""
"Vital Signs","Systolic Blood Pressure","Systolic Blood Pressure","http://hl7.org/fhir/us/core/StructureDefinition/us-core-blood-pressure|9.0.0","",""
"Vital Signs","Weight-for-length Percentile (Birth - 24 Months)","The higher the percentile number, the bigger a child is compared with other kids of the same age and gender, whether it's for height or weight.","http://hl7.org/fhir/us/core/StructureDefinition/pediatric-weight-for-height|9.0.0","",""
